congregation_name,data_completeness,sadd,scity,sstate,szip,missing_land_value,missing_acreage,missing_wetland,missing_flood,missing_qct,missing_zoning
St Francis Korean Church,0,NA,NA,NA,NA,TRUE,TRUE,TRUE,TRUE,TRUE,TRUE
St Andrews Church,0,NA,NA,NA,NA,TRUE,TRUE,TRUE,TRUE,TRUE,TRUE
Olivet Church,0,NA,NA,NA,NA,TRUE,TRUE,TRUE,TRUE,TRUE,TRUE
La Iglesia de San Jose,0,NA,NA,NA,NA,TRUE,TRUE,TRUE,TRUE,TRUE,TRUE
Church of the Spirit,0,NA,NA,NA,NA,TRUE,TRUE,TRUE,TRUE,TRUE,TRUE
St James Church,2,MONTROSS 22520,MONTROSS,VA,22520,TRUE,FALSE,TRUE,TRUE,FALSE,TRUE
St James Church,2,"218 RECTORY RD, MONTROSS 22520",MONTROSS,VA,22520,TRUE,FALSE,TRUE,TRUE,FALSE,TRUE
St Pauls Church Nomini Grove,3,"2265 LONGFIELD RD, COLONIAL BEACH 22443",COLONIAL BEACH,VA,22443,TRUE,FALSE,TRUE,FALSE,FALSE,TRUE
St Pauls Church Nomini Grove,3,WARSAW 22572,WARSAW,VA,22572,TRUE,FALSE,TRUE,FALSE,FALSE,TRUE
St James Church,3,MONTROSS 22520,MONTROSS,VA,22520,TRUE,FALSE,TRUE,FALSE,FALSE,TRUE
St Pauls Church Nomini Grove,3,WARSAW 22572,WARSAW,VA,22572,TRUE,FALSE,TRUE,FALSE,FALSE,TRUE
St James Church,3,"15870 KINGS HWY, MONTROSS 22520",MONTROSS,VA,22520,TRUE,FALSE,TRUE,FALSE,FALSE,TRUE
St James Church,3,MONTROSS 22520,MONTROSS,VA,22520,TRUE,FALSE,TRUE,FALSE,FALSE,TRUE
St Stephen & the Good Shepherd,3,"7078 ROCKY BAR RD, ELKTON 22827",ELKTON,VA,22827,FALSE,FALSE,TRUE,TRUE,FALSE,TRUE
St Stephen & the Good Shepherd,3,"7066 ROCKY BAR RD, ELKTON 22827",ELKTON,VA,22827,FALSE,FALSE,TRUE,TRUE,FALSE,TRUE
St Francis Episcopal Church,4,"1484 HOCKETT RD, MANAKIN SABOT 23103",MANAKIN SABOT,VA,23103,FALSE,FALSE,TRUE,FALSE,FALSE,TRUE
St Lukes Church,4,"403 NORTH RAPPAHANNOCK ST, REMINGTON 22734",REMINGTON,VA,22734,FALSE,FALSE,TRUE,FALSE,FALSE,TRUE
Grace Church,4,"606 HOWERTON RD, DUNNSVILLE 22454",DUNNSVILLE,VA,22454,FALSE,FALSE,TRUE,FALSE,FALSE,TRUE
St Johns Episcopal Church,4,"103 SAINT JOHNS CHURCH LN, WEST POINT 23181",WEST POINT,VA,23181,FALSE,FALSE,TRUE,FALSE,FALSE,TRUE
Grace Episcopal Church,4,BREMO BLUFF 23022,BREMO BLUFF,VA,23022,FALSE,FALSE,TRUE,FALSE,FALSE,TRUE
Vauters Church,4,"3661 TIDEWATER TRL, LORETTO 22509",LORETTO,VA,22509,FALSE,FALSE,TRUE,FALSE,FALSE,TRUE
Vauters Church,4,"3663 TIDEWATER TRL, LORETTO 22509",LORETTO,VA,22509,FALSE,FALSE,TRUE,FALSE,FALSE,TRUE
St Davids Church,4,"11291 WEST RIVER RD, AYLETT 23009",AYLETT,VA,23009,FALSE,FALSE,TRUE,FALSE,FALSE,TRUE
St Johns Episcopal Church,4,UNASSIGNED 23181,UNASSIGNED,VA,23181,FALSE,FALSE,TRUE,FALSE,FALSE,TRUE
North Farnham Parish Church,4,FARNHAM 22460,FARNHAM,VA,22460,FALSE,FALSE,TRUE,FALSE,FALSE,TRUE
North Farnham Parish Church,4,WARSAW 22572,WARSAW,VA,22572,FALSE,FALSE,TRUE,FALSE,FALSE,TRUE
St Davids Church,4,"11253 WEST RIVER RD, AYLETT 23009",AYLETT,VA,23009,FALSE,FALSE,TRUE,FALSE,FALSE,TRUE
St Andrews Church,4,"5904 MAIN ST, MOUNT JACKSON 22842",MOUNT JACKSON,VA,22842,FALSE,FALSE,TRUE,FALSE,FALSE,TRUE
St Andrews Church,4,"5880 MAIN ST, MOUNT JACKSON 22842",MOUNT JACKSON,VA,22842,FALSE,FALSE,TRUE,FALSE,FALSE,TRUE
Grace Memorial Church,4,"7051 ORE BANK RD, PORT REPUBLIC 24471",PORT REPUBLIC,VA,24471,FALSE,FALSE,FALSE,TRUE,FALSE,TRUE
St Peters Church,4,"823 WATER ST, PORT ROYAL 22535",PORT ROYAL,VA,22535,FALSE,FALSE,TRUE,FALSE,FALSE,TRUE
St Peters Church,4,"823 WATER ST, PORT ROYAL 22535",PORT ROYAL,VA,22535,FALSE,FALSE,TRUE,FALSE,FALSE,TRUE
St Pauls Church,4,"UNASSIGNED, WEST POINT 23181",WEST POINT,VA,23181,FALSE,FALSE,TRUE,FALSE,FALSE,TRUE
St Pauls Church,4,"UNASSIGNED, WEST POINT 23181",WEST POINT,VA,23181,FALSE,FALSE,TRUE,FALSE,FALSE,TRUE
St Pauls Church,4,"UNASSIGNED, WEST POINT 23181",WEST POINT,VA,23181,FALSE,FALSE,TRUE,FALSE,FALSE,TRUE
St Pauls Church,4,"UNASSIGNED, WEST POINT 23181",WEST POINT,VA,23181,FALSE,FALSE,TRUE,FALSE,FALSE,TRUE
St Pauls Church,4,"UNASSIGNED, WEST POINT 23181",WEST POINT,VA,23181,FALSE,FALSE,TRUE,FALSE,FALSE,TRUE
St Pauls Church,4,"UNASSIGNED, WEST POINT 23181",WEST POINT,VA,23181,FALSE,FALSE,TRUE,FALSE,FALSE,TRUE
Piedmont/Bromfield Parish,4,"214 CHURCH ST, MADISON 22727",MADISON,VA,22727,FALSE,FALSE,TRUE,FALSE,FALSE,TRUE
St Asaphs Church,4,"DORSEY LANE LN, BOWLING GREEN 22427",BOWLING GREEN,VA,22427,FALSE,FALSE,TRUE,FALSE,FALSE,TRUE
Piedmont/Bromfield Parish,4,"206 CHURCH ST, MADISON 22727",MADISON,VA,22727,FALSE,FALSE,TRUE,FALSE,FALSE,TRUE
St Asaphs Church,4,"130 SOUTH MAIN ST, BOWLING GREEN 22427",BOWLING GREEN,VA,22427,FALSE,FALSE,TRUE,FALSE,FALSE,TRUE
St Asaphs Church,4,"130 SOUTH MAIN ST, BOWLING GREEN 22427",BOWLING GREEN,VA,22427,FALSE,FALSE,TRUE,FALSE,FALSE,TRUE
St Johns Episcopal Church,4,"415 10 ST, WEST POINT 23181",WEST POINT,VA,23181,FALSE,FALSE,TRUE,FALSE,FALSE,TRUE
St Johns Episcopal Church,4,"415 10 ST, WEST POINT 23181",WEST POINT,VA,23181,FALSE,FALSE,TRUE,FALSE,FALSE,TRUE
St Johns Church,4,"43 WASHINGTON ST, COLUMBIA 23038",COLUMBIA,VA,23038,FALSE,FALSE,TRUE,FALSE,FALSE,TRUE
North Farnham Parish Church,4,"231 NORTH FARNHAM CHURCH RD, FARNHAM 22460",FARNHAM,VA,22460,FALSE,FALSE,TRUE,FALSE,FALSE,TRUE
North Farnham Parish Church,4,"28 CANAL RD, FARNHAM 22460",FARNHAM,VA,22460,FALSE,FALSE,TRUE,FALSE,FALSE,TRUE
St Johns Church,4,"48 CAMERON ST, COLUMBIA 23038",COLUMBIA,VA,23038,FALSE,FALSE,TRUE,FALSE,FALSE,TRUE
Immanuel Church,4,"190 ALLENS CIR, QUEEN CH 23085",QUEEN CH,VA,23085,FALSE,FALSE,TRUE,FALSE,FALSE,TRUE
Immanuel Church,4,"208 ALLENS CIR, QUEEN CH 23085",QUEEN CH,VA,23085,FALSE,FALSE,TRUE,FALSE,FALSE,TRUE
St Johns Church,4,"64 K ST, COLUMBIA 23038",COLUMBIA,VA,23038,FALSE,FALSE,TRUE,FALSE,FALSE,TRUE
St Johns Church,4,"FAYETTE ST, COLUMBIA 23038",COLUMBIA,VA,23038,FALSE,FALSE,TRUE,FALSE,FALSE,TRUE
St Johns Church,4,"WASHINGTON ST, COLUMBIA 23038",COLUMBIA,VA,23038,FALSE,FALSE,TRUE,FALSE,FALSE,TRUE
North Farnham Parish Church,4,FARNHAM 22460,FARNHAM,VA,22460,FALSE,FALSE,TRUE,FALSE,FALSE,TRUE
St Johns Church,4,COLUMBIA 23038,COLUMBIA,VA,23038,FALSE,FALSE,TRUE,FALSE,FALSE,TRUE
St Pauls Church Nomini Grove,4,COLONIAL BEACH 22443,COLONIAL BEACH,VA,22443,TRUE,FALSE,FALSE,FALSE,FALSE,TRUE
St Johns Church,4,KING GEORGE 22485,KING GEORGE,VA,22485,TRUE,FALSE,TRUE,FALSE,FALSE,FALSE
St Johns Church,4,"9403 KINGS HWY, KING GEORGE 22485",KING GEORGE,VA,22485,TRUE,FALSE,TRUE,FALSE,FALSE,FALSE
Little Fork Episcopal Church,4,"OAK SHADE RD, RIXEYVILLE 22737",RIXEYVILLE,VA,22737,TRUE,FALSE,TRUE,FALSE,FALSE,FALSE
Emmanuel Church,4,"17062 JAMES MADISON PKWY, KING GEORGE 22485",KING GEORGE,VA,22485,TRUE,FALSE,TRUE,FALSE,FALSE,FALSE
Christ Church,4,"14586 ALANTHUS RD, BRANDY STATION 22714",BRANDY STATION,VA,22714,TRUE,FALSE,TRUE,FALSE,FALSE,FALSE
Holy Cross Korean Episcopal Church,5,"10520 MAIN ST, FAIRFAX 22030",FAIRFAX,VA,22030,FALSE,FALSE,TRUE,FALSE,FALSE,FALSE
Holy Cross Korean Episcopal Church,5,"1 TRURO LN, FAIRFAX 22030",FAIRFAX,VA,22030,FALSE,FALSE,TRUE,FALSE,FALSE,FALSE
St Patricks Anglo Vietnamese Church,5,"3241 BRUSH DR, FALLS CHURCH 22042",FALLS CHURCH,VA,22042,FALSE,FALSE,TRUE,FALSE,FALSE,FALSE
St Patricks Anglo Vietnamese Church,5,WEST FALLS CHURCH 22042,WEST FALLS CHURCH,VA,22042,FALSE,FALSE,TRUE,FALSE,FALSE,FALSE
All Saints Sharon Chapel,5,"3421 FRANCONIA RD, ALEXANDRIA 22310",ALEXANDRIA,VA,22310,FALSE,FALSE,TRUE,FALSE,FALSE,FALSE
St Peters Church,5,"37018 GLENDALE ST, PURCELLVILLE 20132",PURCELLVILLE,VA,20132,FALSE,FALSE,TRUE,FALSE,FALSE,FALSE
Aquia Church,5,"2918 RICHMOND HWY, STAFFORD 22554",STAFFORD,VA,22554,FALSE,FALSE,TRUE,FALSE,FALSE,FALSE
St Pauls Church,5,"3439 PAYNE ST, FALLS CHURCH 22041",FALLS CHURCH,VA,22041,FALSE,FALSE,TRUE,FALSE,FALSE,FALSE
St Bartholomews Episcopal Church,5,"10627 PATTERSON AVE, HENRICO 23238",HENRICO,VA,23238,FALSE,FALSE,TRUE,FALSE,FALSE,FALSE
Christ Ascension Church,5,"1704 WEST LABURNUM AVE, RICHMOND 23227",RICHMOND,VA,23227,FALSE,FALSE,TRUE,FALSE,FALSE,FALSE
St John the Baptist Church,5,"4712 DICK WOODS RD, CHARLOTTESVILLE 22903",CHARLOTTESVILLE,VA,22903,FALSE,FALSE,TRUE,FALSE,FALSE,FALSE
Church of Our Redeemer,5,"39518 LITTLE RIVER TPKE, ALDIE 20105",ALDIE,VA,20105,FALSE,FALSE,TRUE,FALSE,FALSE,FALSE
Grace Church Emmanuel Parish,5,"5092 GRACE CHURCH LN, MIDLAND 22728",MIDLAND,VA,22728,FALSE,FALSE,TRUE,FALSE,FALSE,FALSE
St Pauls on the Hill Church,5,"1527 SENSENY RD, WINCHESTER 22602",WINCHESTER,VA,22602,FALSE,FALSE,TRUE,FALSE,FALSE,FALSE
St Johns Church,5,"5987 RICHMOND RD, WARSAW 22572",WARSAW,VA,22572,FALSE,FALSE,TRUE,FALSE,FALSE,FALSE
Grace Church Emmanuel Parish,5,"5096 GRACE CHURCH LN, MIDLAND 22728",MIDLAND,VA,22728,FALSE,FALSE,TRUE,FALSE,FALSE,FALSE
Grace Church Emmanuel Parish,5,"5094 GRACE CHURCH LN, MIDLAND 22728",MIDLAND,VA,22728,FALSE,FALSE,TRUE,FALSE,FALSE,FALSE
Holy Cross Church,5,"2523 CRAIGS STORE RD, AFTON 22920",AFTON,VA,22920,FALSE,FALSE,TRUE,FALSE,FALSE,FALSE
Meade Memorial Church,5,"WHITE POST RD,  22663",NA,VA,22663,FALSE,FALSE,TRUE,FALSE,FALSE,FALSE
Good Shepherd-of-the-Hills,5,"7420 MISSION HOME RD, FREE UNION 22940",FREE UNION,VA,22940,FALSE,FALSE,TRUE,FALSE,FALSE,FALSE
St Stephens Church,5,UNASSIGNED 20119,UNASSIGNED,VA,20119,FALSE,FALSE,TRUE,FALSE,FALSE,FALSE
Church of the Good Shepherd,5,"27 GOOD SHEPHERD RD, BLUEMONT 20135",BLUEMONT,VA,20135,FALSE,FALSE,TRUE,FALSE,FALSE,FALSE
Calvary Episcopal Church,5,"13312 HANOVER COURTHOUSE RD, HANOVER 23069",HANOVER,VA,23069,FALSE,FALSE,TRUE,FALSE,FALSE,FALSE
Aquia Church,5,"2948 RICHMOND HWY, STAFFORD 22554",STAFFORD,VA,22554,FALSE,FALSE,TRUE,FALSE,FALSE,FALSE
St Georges Church,5,"3392 PINE GROVE RD, STANLEY 22851",STANLEY,VA,22851,FALSE,FALSE,TRUE,FALSE,FALSE,FALSE
All Saints Sharon Chapel,5,"3421 FRANCONIA RD, ALEXANDRIA 22310",ALEXANDRIA,VA,22310,FALSE,FALSE,TRUE,FALSE,FALSE,FALSE
Aquia Church,5,STAFFORD 22554,STAFFORD,VA,22554,FALSE,FALSE,TRUE,FALSE,FALSE,FALSE
Aquia Church,5,STAFFORD 22554,STAFFORD,VA,22554,FALSE,FALSE,TRUE,FALSE,FALSE,FALSE
Little Fork Episcopal Church,5,"16471 OAK SHADE RD, RIXEYVILLE 22737",RIXEYVILLE,VA,22737,TRUE,FALSE,FALSE,FALSE,FALSE,FALSE
Meade Memorial Church,5,"322 NORTH ALFRED ST, ALEXANDRIA 22314",ALEXANDRIA,VA,22314,FALSE,FALSE,TRUE,FALSE,FALSE,FALSE
Holy Cross Korean Episcopal Church,5,"10490 MAIN ST, FAIRFAX 22030",FAIRFAX,VA,22030,FALSE,FALSE,TRUE,FALSE,FALSE,FALSE
St Johns Episcopal Church,5,"5TH ST SOUTH, ARLINGTON 22204",ARLINGTON,VA,22204,FALSE,FALSE,TRUE,FALSE,FALSE,FALSE
St Pauls Church,5,"3312 KAYWOOD PL, FALLS CHURCH 22041",FALLS CHURCH,VA,22041,FALSE,FALSE,TRUE,FALSE,FALSE,FALSE
Aquia Church,5,"1021 AQUIA DR, STAFFORD 22554",STAFFORD,VA,22554,FALSE,FALSE,TRUE,FALSE,FALSE,FALSE
St Johns Episcopal Church,5,"UNASSIGNED, WEST POINT 23181",WEST POINT,VA,23181,FALSE,FALSE,TRUE,FALSE,FALSE,FALSE
St Johns Episcopal Church,5,"UNASSIGNED, WEST POINT 23181",WEST POINT,VA,23181,FALSE,FALSE,TRUE,FALSE,FALSE,FALSE
Aquia Church,5,"2928 RICHMOND HWY, STAFFORD 22554",STAFFORD,VA,22554,FALSE,FALSE,TRUE,FALSE,FALSE,FALSE
St Stephens Church,5,"8691 OLD DUMFRIES RD, CATLETT 20119",CATLETT,VA,20119,FALSE,FALSE,TRUE,FALSE,FALSE,FALSE
St Stephens Church,5,"8693 OLD DUMFRIES RD, CATLETT 20119",CATLETT,VA,20119,FALSE,FALSE,TRUE,FALSE,FALSE,FALSE
Christ Ascension Church,5,"1700 WEST LABURNUM AVE, RICHMOND 23227",RICHMOND,VA,23227,FALSE,FALSE,TRUE,FALSE,FALSE,FALSE
St Stephens Church,5,"12187 ELK RUN RD, MIDLAND 22728",MIDLAND,VA,22728,FALSE,FALSE,TRUE,FALSE,FALSE,FALSE
St Marys Church,5,"110 NORTH BUCKMARSH ST, BERRYVILLE 22611",BERRYVILLE,VA,22611,FALSE,FALSE,TRUE,FALSE,FALSE,FALSE
St Marys Church,5,"104 NORTH BUCKMARSH ST, BERRYVILLE 22611",BERRYVILLE,VA,22611,FALSE,FALSE,TRUE,FALSE,FALSE,FALSE
St Johns Episcopal Church,5,"902 MAIN ST, WEST POINT 23181",WEST POINT,VA,23181,FALSE,FALSE,TRUE,FALSE,FALSE,FALSE
St Johns Episcopal Church,5,"902 MAIN ST, WEST POINT 23181",WEST POINT,VA,23181,FALSE,FALSE,TRUE,FALSE,FALSE,FALSE
St Johns Episcopal Church,5,"902 MAIN ST, WEST POINT 23181",WEST POINT,VA,23181,FALSE,FALSE,TRUE,FALSE,FALSE,FALSE
Emmanuel Church,5,"114 EAST COURT ST, WOODSTOCK 22664",WOODSTOCK,VA,22664,FALSE,FALSE,TRUE,FALSE,FALSE,FALSE
St Johns Church,5,"5458 RICHMOND RD, WARSAW 22572",WARSAW,VA,22572,FALSE,FALSE,TRUE,FALSE,FALSE,FALSE
St Johns Episcopal Church,5,"UNASSIGNED, WEST POINT 23181",WEST POINT,VA,23181,FALSE,FALSE,TRUE,FALSE,FALSE,FALSE
St Johns Episcopal Church,5,"UNASSIGNED, WEST POINT 23181",WEST POINT,VA,23181,FALSE,FALSE,TRUE,FALSE,FALSE,FALSE
St Johns Church,5,WARSAW 22572,WARSAW,VA,22572,FALSE,FALSE,TRUE,FALSE,FALSE,FALSE
Immanuel Church,5,"KING, HOUSE 23085",HOUSE,VA,23085,FALSE,FALSE,FALSE,FALSE,FALSE,TRUE
St Johns Episcopal Church,5,"UNASSIGNED, WEST POINT 23181",WEST POINT,VA,23181,FALSE,FALSE,TRUE,FALSE,FALSE,FALSE
Meade Memorial Church,5,WHITE POST 22663,WHITE POST,VA,22663,FALSE,FALSE,TRUE,FALSE,FALSE,FALSE
Church of the Good Shepherd,5,BLUEMONT 20135,BLUEMONT,VA,20135,FALSE,FALSE,TRUE,FALSE,FALSE,FALSE
Aquia Church,5,STAFFORD 22554,STAFFORD,VA,22554,FALSE,FALSE,TRUE,FALSE,FALSE,FALSE
Aquia Church,5,STAFFORD 22554,STAFFORD,VA,22554,FALSE,FALSE,TRUE,FALSE,FALSE,FALSE
St Johns Church,5,"10367 RECTORY LN, KING GEORGE 22485",KING GEORGE,VA,22485,TRUE,FALSE,FALSE,FALSE,FALSE,FALSE
Emmanuel Church,5,"11005 LAMBS CREEK CHURCH RD, KING GEORGE 22485",KING GEORGE,VA,22485,TRUE,FALSE,FALSE,FALSE,FALSE,FALSE
